p1.m_scoreValueVespeneLostArmy,p2.m_scoreValueVespeneCollectionRate,p1.m_scoreValueFoodMade,p1.m_scoreValueVespeneUsedActiveForces,p2.m_scoreValueFoodMade,p2.m_scoreValueMineralsUsedInProgressTechnology,p2.m_scoreValueVespeneCurrent,p2.m_scoreValueMineralsKilledEconomy,p1.m_scoreValueMineralsFriendlyFireEconomy,p0.name,p1.m_scoreValueMineralsKilledEconomy,p1.m_scoreValueMineralsUsedCurrentTechnology,p1.m_scoreValueVespeneFriendlyFireEconomy,p1.m_scoreValueMineralsUsedCurrentEconomy,p1.name,p2.m_scoreValueMineralsCollectionRate,p1.m_scoreValueMineralsUsedInProgressArmy,p2.m_scoreValueMineralsLostTechnology,p1.m_scoreValueMineralsLostEconomy,p2.m_scoreValueVespeneUsedInProgressTechnology,p2.m_scoreValueMineralsKilledArmy,p2.m_scoreValueMineralsUsedCurrentEconomy,p2.m_scoreValueVespeneKilledTechnology,p1.m_scoreValueVespeneUsedInProgressTechnology,p2.m_scoreValueMineralsUsedCurrentTechnology,p1.race,winner_id,p2.m_scoreValueVespeneUsedInProgressArmy,p2.m_scoreValueVespeneKilledArmy,p2.m_scoreValueMineralsLostEconomy,p1.m_scoreValueMineralsLostTechnology,p2.m_scoreValueVespeneFriendlyFireArmy,p1.m_scoreValueMineralsFriendlyFireTechnology,p2.m_scoreValueMineralsFriendlyFireArmy,p2.m_scoreValueVespeneFriendlyFireEconomy,p1.m_scoreValueVespeneUsedInProgressEconomy,p1.m_scoreValueVespeneUsedCurrentEconomy,p1.m_scoreValueMineralsKilledTechnology,p1.m_scoreValueFoodUsed,p2.m_scoreValueMineralsUsedActiveForces,p1.m_scoreValueVespeneCollectionRate,p2.m_scoreValueVespeneUsedCurrentTechnology,p1.m_scoreValueVespeneKilledTechnology,p2.m_scoreValueVespeneKilledEconomy,p1.m_scoreValueMineralsFriendlyFireArmy,p1.m_scoreValueVespeneUsedInProgressArmy,p2.m_scoreValueMineralsUsedInProgressArmy,p2.m_scoreValueVespeneUsedInProgressEconomy,p1.m_scoreValueMineralsUsedCurrentArmy,p1.m_scoreValueMineralsLostArmy,p2.m_scoreValueMineralsFriendlyFireEconomy,p2.m_scoreValueVespeneUsedActiveForces,p1.m_scoreValueVespeneCurrent,p0.race,p1.m_scoreValueVespeneFriendlyFireTechnology,p2.m_scoreValueMineralsLostArmy,p2.m_scoreValueVespeneLostTechnology,p1.m_scoreValueMineralsUsedInProgressTechnology,p2.m_scoreValueVespeneUsedCurrentEconomy,p2.m_scoreValueMineralsCurrent,p1.m_scoreValueVespeneUsedCurrentArmy,p1.m_scoreValueMineralsCollectionRate,map,p1.m_scoreValueVespeneKilledArmy,p1.m_scoreValueVespeneFriendlyFireArmy,p1.m_scoreValueVespeneUsedCurrentTechnology,p1.m_scoreValueWorkersActiveCount,winner_name,p2.m_scoreValueMineralsUsedCurrentArmy,p1.m_scoreValueVespeneKilledEconomy,p2.m_scoreValueMineralsFriendlyFireTechnology,p1.m_scoreValueMineralsKilledArmy,p2.m_scoreValueFoodUsed,p2.m_scoreValueMineralsKilledTechnology,p2.m_scoreValueVespeneUsedCurrentArmy,gameloops,p2.m_scoreValueVespeneLostArmy,p2.m_scoreValueMineralsUsedInProgressEconomy,p1.m_scoreValueMineralsUsedInProgressEconomy,p1.m_scoreValueMineralsUsedActiveForces,p1.m_scoreValueVespeneLostTechnology,p2.m_scoreValueWorkersActiveCount,p2.m_scoreValueVespeneLostEconomy,p1.m_scoreValueVespeneLostEconomy,p2.m_scoreValueVespeneFriendlyFireTechnology,p1.m_scoreValueMineralsCurrent
100,335,319488,975,258048,0,72,125,0,Aristotle,0,1100,0,2900,CropDusting,1007,0,0,125,0,250,2400,0,0,900,Protoss,0,0,100,0,0,0,0,0,0,0,0,0,229376,350,335,100,0,0,0,0,0,0,1525,250,0,200,115,Protoss,0,1575,0,0,0,840,975,1231,Apotheosis LE,550,0,100,27,Aristotle,350,0,0,1575,126976,0,200,8009,550,0,0,1525,0,25,0,0,0,280
1900,985,581632,75,643072,0,1316,2025,0,carl,50,2150,0,3925,&lt;PsiX&gt;<sp/>Crispy,2099,250,0,2025,0,3025,6500,0,0,2200,Terran,1,225,1900,50,0,0,0,0,0,0,0,0,143360,3750,335,600,0,0,0,100,300,0,25,3025,0,1175,1137,Protoss,0,2500,0,0,0,1525,75,1203,Galactic Process LE,600,0,400,30,&lt;PsiX&gt;<sp/>Crispy,3750,0,0,2500,577536,0,1175,14372,600,700,0,25,0,60,0,0,0,2155
0,313,356352,0,417792,0,323,725,0,Cebo,0,900,0,2825,&lt;rwx&gt;<sp/>shellcode,1315,0,0,725,0,200,3450,0,0,950,Protoss,1,100,0,0,450,0,0,0,0,0,0,0,106496,1900,313,100,0,0,0,0,250,0,0,200,0,875,1420,Protoss,0,0,0,750,0,615,0,1069,Dasan Station LE,0,0,0,26,&lt;rwx&gt;<sp/>shellcode,1900,0,0,0,282624,450,875,11275,0,0,0,0,0,32,0,0,0,414
1000,0,225280,50,344064,0,305,200,0,CropDusting,450,750,0,2050,&lt;WdK&gt;<sp/>Sangoku,1007,0,0,200,0,3625,2650,0,0,600,Zerg,1,150,1000,450,0,0,0,0,0,0,0,0,98304,1500,179,100,0,0,0,0,450,0,200,3625,0,300,92,Protoss,0,1275,0,450,0,1020,50,699,Apotheosis LE,125,0,0,20,&lt;WdK&gt;<sp/>Sangoku,1500,0,0,1275,253952,0,300,11334,125,0,0,200,0,18,0,0,0,885
100,201,286720,750,286720,0,442,0,0,duchy,750,900,0,3125,DivinePlush,867,0,0,0,0,350,2675,0,0,1250,Protoss,0,0,100,750,0,0,0,0,0,0,0,0,253952,350,313,200,0,0,0,0,0,0,1725,350,0,200,466,Protoss,0,1250,0,450,0,285,750,1483,Frozen Temple,500,0,100,32,duchy,350,0,0,1250,126976,0,200,9503,500,100,100,1725,0,23,0,0,0,1430
5325,985,544768,250,974848,0,3990,3850,0,duchy,1100,2200,0,3400,Rendosss,1287,50,1375,3850,0,13825,6950,0,0,5900,Zerg,1,0,5325,1100,1800,0,0,0,0,0,0,1375,131072,2875,156,1000,0,0,0,150,150,0,800,13825,0,725,1422,Protoss,0,8975,0,150,0,2510,250,139,Frost LE,4825,0,450,16,Rendosss,2675,0,0,8975,372736,1800,725,26434,4825,0,0,800,0,40,0,0,0,130
50,671,290816,50,352256,300,220,1150,100,HotLULU,600,950,0,1500,RaTzDeeZeR,1539,250,300,1150,200,225,4000,0,0,1500,Protoss,1,200,50,600,337,0,150,0,0,0,0,300,65536,400,0,300,0,0,0,100,300,0,325,225,0,300,96,Protoss,0,150,0,0,0,395,50,0,Frost LE,150,0,100,5,RaTzDeeZeR,400,0,0,150,221184,450,300,9408,150,0,50,325,0,44,0,0,0,703
1700,492,835584,2450,512000,0,2177,2500,0,Mond,1450,4100,0,7700,&lt;ViMob&gt;<sp/>Skywalker,1483,1500,503,2500,0,3125,4650,0,0,3825,Terran,0,225,1750,1570,-113,0,150,0,0,0,0,500,765952,2200,783,675,0,0,125,0,750,0,4900,3000,0,1125,1467,Protoss,0,3875,0,0,150,797,2450,2155,Frozen Temple,1100,50,400,71,Mond,2200,150,0,3875,372736,0,1125,20064,1100,0,800,4900,0,33,187,0,0,2588
950,649,483328,1775,319488,0,223,200,0,PsIStorM,1025,1750,0,4250,Jin,1567,0,0,200,0,2050,4225,0,0,1850,Protoss,0,100,1200,950,0,0,0,0,0,0,0,0,434176,1625,649,350,0,0,625,0,250,0,3875,1425,100,650,943,Protoss,0,5050,0,0,0,480,1775,1259,New Gettysburg LE,2275,250,200,41,PsIStorM,1625,0,0,5050,323584,0,650,14712,2275,0,0,3875,0,49,0,0,0,580
1375,694,704512,2800,708608,0,498,900,75,RaTzDeeZeR,200,3450,0,7100,Bright,1735,300,0,843,0,3150,6250,150,150,2850,Terran,0,425,1375,200,900,0,0,0,0,0,0,0,704512,2200,649,875,0,0,0,200,800,0,4925,3150,0,1225,464,Protoss,0,7350,0,150,0,594,2800,2043,King Sejong Station LE,2300,0,500,73,RaTzDeeZeR,2200,0,0,7350,450560,900,1225,19461,2300,400,1000,4925,150,53,0,0,0,777
625,761,675840,2300,532480,0,1213,0,0,RaTzDeeZeR,750,2600,0,6800,Rayback,1847,250,0,0,0,650,5900,0,0,1950,Zerg,0,75,625,750,0,0,0,0,0,0,0,0,602112,1125,627,200,0,0,0,100,225,0,4025,650,0,225,265,Protoss,0,2125,0,0,0,3680,2300,2575,Frost LE,975,0,350,73,RaTzDeeZeR,1025,0,0,2125,360448,0,225,15179,975,350,1000,4025,0,58,0,0,0,830
1225,492,581632,1325,315392,0,1114,0,0,&lt;rwx&gt;<sp/>shellcode,1150,1700,0,4750,&lt;ViMob&gt;<sp/>Skywalker,419,200,450,0,0,3800,3050,0,0,2025,Terran,0,50,1475,1150,0,0,0,0,0,0,0,400,393216,500,627,375,0,0,625,0,300,0,3000,3175,0,275,1154,Protoss,0,1902,-19,0,0,327,1325,1595,New Gettysburg LE,525,250,100,45,&lt;rwx&gt;<sp/>shellcode,500,0,50,1900,110592,0,275,13664,527,0,0,3000,0,11,0,0,25,700
1750,515,356352,300,315392,0,1049,1100,400,zealous,100,1400,0,3100,nightwolveX,1007,0,100,800,0,3525,4750,0,0,2625,Terran,1,0,1750,100,600,0,0,0,0,0,0,100,167936,525,335,975,0,0,0,0,0,0,350,3525,0,325,300,Protoss,0,450,0,0,300,1174,300,643,New Gettysburg LE,200,0,200,33,nightwolveX,525,0,0,450,258048,600,325,14400,200,50,0,350,0,48,0,0,0,160
2010,940,286720,200,786432,0,1269,2100,0,DeferoN,1250,600,0,2750,&lt;ECV&gt;<sp/>Kaszanas,1752,0,0,2221,0,6650,6400,350,0,1575,Zerg,1,475,2000,1250,1200,0,0,0,0,0,150,0,86016,4300,134,550,0,0,50,0,675,0,200,6660,0,1150,1528,Terran,0,7875,0,0,0,1240,200,447,Galactic Process LE,3275,0,-50,17,&lt;ECV&gt;<sp/>Kaszanas,4300,0,0,7875,663552,1200,1150,21835,3275,0,0,200,350,49,0,37,0,1216
0,67,647168,0,503808,0,83,2950,0,Elric,2650,3625,0,3475,DemonPsyche,587,0,125,2950,0,12450,4275,100,0,2925,Terran,1,300,0,2424,925,0,0,0,0,0,0,125,512000,2475,0,850,100,0,0,0,450,0,5350,12450,400,1950,327,Terran,0,2250,100,0,450,1983,0,223,King Sejong Station LE,1650,0,525,18,DemonPsyche,2475,150,0,2250,299008,925,1950,30656,1650,0,0,5350,100,14,187,0,0,380
0,0,61440,0,61440,0,0,0,0,&lt;BL9&gt;<sp/>fenix,0,0,0,1000,Ferzan,0,0,0,0,0,0,1000,0,0,0,Terran,0,0,0,0,0,0,0,0,0,0,0,0,53248,0,0,0,0,0,0,0,0,0,0,0,0,0,0,Terran,0,0,0,0,0,50,0,0,King Sejong Station LE,0,0,0,12,&lt;BL9&gt;<sp/>fenix,0,0,0,0,49152,0,0,84,0,0,50,0,0,12,0,0,0,0
2375,985,544768,0,802816,150,868,650,0,&lt;gCIA&gt;<sp/>FloBoss,100,900,0,5300,&lt;CFeS&gt;<sp/>ThePatcher,3107,200,-150,650,150,3750,7650,200,0,2400,Protoss,1,0,2375,100,425,0,0,0,0,0,0,0,225280,3600,627,500,0,0,100,0,400,0,0,3750,0,1775,526,Terran,0,2350,-75,0,0,2595,0,1567,Galactic Process LE,850,25,500,50,&lt;CFeS&gt;<sp/>ThePatcher,3600,0,200,2350,598016,425,1775,14230,850,0,50,0,200,75,0,0,100,895
1483,873,352256,300,798720,0,1309,4275,0,Gihaf,1175,1125,0,2225,&lt;ZunTsU&gt;<sp/>Machiavelli,2267,200,487,4384,0,2750,8125,450,0,3525,Terran,1,325,1450,1175,1609,0,350,0,0,0,150,600,69632,4525,89,1150,25,300,0,125,675,0,300,2789,0,1350,1505,Terran,325,4950,25,0,150,1768,300,0,King Sejong Station LE,1850,0,450,7,&lt;ZunTsU&gt;<sp/>Machiavelli,4525,0,150,4950,765952,1600,1350,20444,1850,100,0,300,431,74,0,338,0,129
100,739,319488,300,675840,300,672,850,0,&lt;qqMF&gt;<sp/>HeadBeagle,400,1075,0,3250,Kernel,1399,50,150,850,0,900,5500,0,0,2600,Protoss,1,0,100,400,-75,0,100,0,0,0,150,150,253952,5125,358,850,150,0,0,0,0,0,1550,900,0,2450,533,Terran,0,550,150,0,0,920,300,1091,King Sejong Station LE,400,0,325,28,Kernel,5125,0,0,550,487424,0,2450,15387,400,0,400,1550,0,47,0,0,0,423
950,963,675840,375,917504,0,721,100,0,Hyziks,100,1400,0,5150,Stonius,2547,100,0,100,0,4150,7950,50,0,1350,Zerg,1,350,950,100,450,0,0,0,0,0,150,0,217088,5300,559,500,0,0,0,0,700,0,525,4150,0,2250,1678,Terraner,0,2950,0,0,0,1625,375,1259,Vereister Tempel,500,0,475,40,Stonius,5100,0,0,2950,737280,450,2250,14889,500,0,0,525,50,65,0,0,0,1675
1728,0,380928,1200,249856,0,0,1100,0,kojonasquats,3550,1475,0,3600,&lt;ZunTsU&gt;<sp/>Machiavelli,447,400,802,1100,0,3100,2500,75,0,2450,Terran,0,0,1700,3551,532,0,300,0,0,0,0,800,221184,225,313,600,25,0,0,300,100,0,1600,3134,0,75,628,Terran,300,5600,25,0,150,369,1200,839,King Sejong Station LE,825,0,725,24,kojonasquats,225,0,0,5600,73728,525,75,19814,825,0,0,1600,75,10,0,0,0,1219
25,313,258048,75,192512,0,731,50,0,&lt;ZunTsU&gt;<sp/>Machiavelli,450,1075,0,2525,FussK,1007,275,150,50,0,1625,2500,0,0,650,Protoss,0,0,25,375,0,0,0,0,0,0,0,150,233472,200,156,100,0,0,0,25,0,0,1025,1625,100,0,338,Terran,0,1850,0,0,0,975,75,1147,Apotheosis LE,675,0,100,28,&lt;ZunTsU&gt;<sp/>Machiavelli,200,0,0,1850,143360,0,0,8883,675,0,50,1025,0,31,0,0,0,305
375,358,286720,125,286720,0,505,825,0,&lt;ZunTsU&gt;<sp/>Machiavelli,900,1325,0,3475,wulf,1091,350,450,825,0,2050,2775,0,0,1550,Protoss,1,0,375,900,100,0,100,0,0,0,0,450,176128,2475,358,400,0,0,0,225,0,0,250,2050,0,1500,229,Terran,100,300,0,0,0,880,125,1511,King Sejong Station LE,25,0,300,33,wulf,2475,0,0,300,270336,100,1500,15170,25,0,400,250,0,25,0,0,0,380
3650,223,765952,150,532480,0,1825,3325,400,&lt;ZunTsU&gt;<sp/>Machiavelli,1050,2525,0,6375,Batel,867,225,0,3029,0,12025,4850,500,0,3425,Zerg,1,0,3650,1050,1925,375,0,750,0,0,0,0,221184,3075,89,750,0,150,350,25,900,0,525,12025,0,1050,2232,Terran,0,9425,0,0,0,1660,150,1483,King Sejong Station LE,1025,250,800,38,Batel,2575,0,0,9425,415744,1925,1050,23791,1025,700,0,525,500,42,0,152,0,501
875,358,868352,1175,425984,0,1029,0,0,&lt;ZunTsU&gt;<sp/>Machiavelli,1125,3825,0,8100,Ogopogo,2043,50,0,0,0,2325,4975,0,200,1400,Zerg,0,0,875,1125,0,75,0,150,0,0,0,0,610304,1050,985,450,0,0,450,0,0,0,3650,2325,0,450,1418,Terran,0,4112,0,300,0,4133,1175,2435,King Sejong Station LE,1075,0,1125,73,&lt;ZunTsU&gt;<sp/>Machiavelli,800,0,0,4100,237568,0,450,16952,1087,0,400,3650,0,43,0,0,0,2401
0,156,253952,400,221184,150,584,50,0,nightwolveX,1600,875,0,2950,zealous,419,150,0,50,0,400,1825,0,0,1050,Protoss,0,50,0,1600,-114,0,150,0,0,150,0,0,176128,375,358,0,0,0,0,150,125,0,600,400,0,150,375,Terran,75,125,0,0,0,260,400,1035,Apotheosis LE,50,0,375,26,nightwolveX,375,0,0,125,73728,0,150,8216,50,0,150,600,-57,10,0,0,0,499
0,335,606208,0,311296,0,292,1300,0,Shàka,300,1150,0,5700,&lt;ECV&gt;<sp/>Kaszanas,1175,250,0,1300,0,3800,3200,0,0,1325,Zerg,0,50,0,300,0,75,0,150,0,0,150,0,274432,1075,447,250,0,0,0,0,250,0,850,3800,0,325,370,Terran,0,3500,0,300,0,200,0,1999,Apotheosis LE,700,0,100,45,Shàka,1075,0,0,3500,233472,0,325,12708,700,0,0,850,0,28,0,0,0,746
450,604,483328,1000,708608,0,361,850,0,Vorenus,50,2125,0,4450,&lt;rwx&gt;<sp/>shellcode,1623,400,0,896,0,4250,5600,0,0,2500,Protoss,1,150,450,50,300,0,0,0,0,0,150,0,290816,3400,470,400,0,150,0,50,150,0,1100,4250,0,1800,1103,Terran,0,4700,0,0,0,690,1000,722,New Gettysburg LE,1675,0,525,41,&lt;rwx&gt;<sp/>shellcode,3400,0,0,4700,458752,300,1800,15918,1675,0,0,1100,0,50,0,168,0,45
0,0,61440,0,90112,250,0,550,0,xAll,500,0,0,450,SemDRE,27,0,0,552,0,0,850,0,0,0,Zerg,1,0,0,500,0,0,0,0,0,0,0,0,4096,0,0,0,0,0,0,0,0,0,0,0,0,0,0,Terran,0,0,0,0,0,10,0,0,Frost LE,0,0,0,1,SemDRE,0,0,0,0,24576,0,0,1953,0,0,0,0,0,6,0,0,0,44
200,313,323584,650,385024,0,865,1725,0,zarzas,550,1225,0,2650,duchy,867,100,150,1725,0,2200,3700,0,0,1200,Protoss,1,0,200,550,0,0,0,0,0,0,0,150,200704,2125,313,100,0,0,0,25,0,0,1200,2200,0,650,776,Terran,0,2750,0,0,0,1175,650,447,Frozen Temple,375,0,475,23,duchy,2125,0,0,2750,303104,0,650,12249,375,0,400,1200,0,36,0,0,0,514
225,0,442368,600,286720,0,0,100,75,&lt;FSLA&gt;<sp/>FSLAJehovah,950,1150,0,3850,Elric,1539,0,300,31,0,675,2750,0,0,1925,Terran,0,0,225,950,0,0,0,0,0,0,100,300,339968,1000,470,0,0,0,0,0,0,0,2100,675,0,0,705,Zerg,0,2000,0,0,0,1140,600,1315,King Sejong Station LE,0,0,400,31,&lt;FSLA&gt;<sp/>FSLAJehovah,1000,0,0,2000,184320,0,0,10712,0,0,0,2100,0,25,0,0,0,984
4850,0,958464,3650,548864,0,1,1200,0,Jin,2150,2225,0,9750,PsIStorM,307,0,187,1200,0,11425,3850,0,0,2350,Protoss,0,0,4850,2150,425,0,0,0,0,0,0,300,804864,650,1299,650,0,0,0,0,0,0,5625,11425,0,550,1943,Zerg,0,11875,0,0,0,283,3650,2547,Frozen Temple,6500,0,650,76,Jin,650,0,450,11875,159744,425,550,26768,6500,0,500,6025,0,26,0,0,0,4370
25,649,368640,50,380928,600,303,200,75,&lt;CDJT&gt;<sp/>JKIII,300,1200,0,5025,&lt;ZunTsU&gt;<sp/>Machiavelli,2155,1100,0,131,100,150,5000,0,100,1225,Terran,1,0,25,300,0,0,0,0,0,0,125,0,368640,1850,985,425,0,0,250,700,0,0,1050,150,0,950,339,Zerg,0,300,0,150,0,30,400,1763,King Sejong Station LE,0,125,250,50,&lt;ZunTsU&gt;<sp/>Machiavelli,1850,0,0,300,380928,0,950,10466,0,250,50,450,0,51,0,0,0,614
2025,0,344064,175,380928,0,536,1075,75,&lt;ECV&gt;<sp/>Kaszanas,2600,1725,0,2725,Arahein,727,150,1050,1006,0,4950,2850,0,0,1200,Protoss,1,0,2025,2600,500,0,0,0,0,0,0,1050,112640,1250,156,500,0,0,0,100,0,0,300,4950,0,800,44,Zerg,0,1425,0,0,0,255,175,531,New Gettysburg LE,450,0,300,21,Arahein,1250,0,0,1425,139264,500,800,18317,450,50,75,400,0,15,0,0,0,569
0,201,188416,600,385024,0,257,2250,0,Konrad,100,1025,0,1250,duchy,1483,0,0,2250,0,1100,3400,200,0,1350,Protoss,1,0,0,100,1125,0,0,0,0,0,0,0,61440,2150,0,300,0,0,0,0,0,0,600,1100,0,575,436,Zerg,0,800,0,0,0,2220,600,0,Frozen Temple,0,0,300,5,duchy,2150,0,0,800,315392,1125,575,11126,0,0,350,800,200,33,0,0,0,405
725,246,729088,925,475136,0,462,950,0,Oldboy,2325,1600,0,5950,&lt;ECV&gt;<sp/>Kaszanas,727,1600,0,950,0,3250,3575,0,0,750,Zerg,0,50,725,2256,-250,0,300,0,0,0,0,0,458752,850,515,200,0,0,25,800,200,0,1875,3250,75,600,424,Zerg,50,3700,0,0,0,2629,925,1959,King Sejong Station LE,1550,0,300,46,Oldboy,850,0,0,3700,221184,0,600,14220,1550,0,0,2175,-38,27,0,0,0,430
1050,380,212992,0,446464,0,327,2500,0,&lt;FWWAB&gt;<sp/>Persistence,1600,1375,0,2025,&lt;TAsc&gt;<sp/>Freak,1875,0,100,2500,0,2850,4400,0,0,2525,Terran,1,0,1050,1600,275,0,0,0,0,0,0,100,36864,2875,111,900,0,0,0,0,250,0,0,2850,0,1050,1558,Zerg,0,2300,0,0,0,1273,0,307,Frost LE,75,0,300,9,&lt;TAsc&gt;<sp/>Freak,2875,0,0,2300,401408,275,1050,15180,75,200,0,0,0,33,0,0,0,405
1425,111,434176,1550,544768,100,573,850,0,RiccoFontana,775,2425,0,4775,Estes,979,50,100,850,0,4100,4425,0,0,2975,Terran,1,25,1425,775,0,0,0,0,0,0,0,100,432128,5400,515,425,0,0,900,0,100,0,3675,4100,0,1950,815,Zerg,0,3900,0,0,0,170,1550,1595,Galactic Process LE,825,450,450,45,Estes,5400,0,0,3900,540672,0,1950,19209,825,450,0,3675,0,32,0,0,0,565
0,0,57344,0,61440,0,0,0,0,Brainsen,0,0,0,1050,RaTzDeeZeR,503,0,0,0,0,0,1000,0,0,0,Protoss,0,0,0,0,0,0,0,0,0,0,0,0,53248,0,0,0,0,0,0,0,0,0,0,0,0,0,0,Zerg,0,0,0,0,0,140,0,503,Frost LE,0,0,0,12,Brainsen,0,0,0,0,49152,0,0,274,0,0,50,0,0,12,0,0,0,90
275,0,249856,0,323584,0,24,1100,0,&lt;PsiX&gt;<sp/>Crispy,1200,1100,0,3150,&lt;EvStar&gt;<sp/>Galactica,979,0,0,1100,0,1800,2750,75,50,1200,Protoss,1,0,275,1200,412,0,50,0,0,0,0,0,106496,2825,313,100,0,0,0,0,0,0,0,1800,0,850,689,Terran,50,125,0,50,0,645,0,895,Frozen Temple,50,0,275,26,&lt;EvStar&gt;<sp/>Galactica,2825,0,0,125,319488,450,850,9758,50,0,0,0,37,28,0,0,0,698
1100,447,319488,500,544768,0,1025,550,0,wille,250,950,0,3850,&lt;gCIA&gt;<sp/>FloBoss,1651,375,350,550,0,3025,5050,0,0,1650,Protoss,1,0,1100,250,0,0,0,0,0,0,0,350,274432,3600,627,100,100,0,0,150,0,0,1100,3025,100,1050,1506,Protoss,0,725,100,0,0,2685,500,1455,Galactic Process LE,275,0,200,43,&lt;gCIA&gt;<sp/>FloBoss,3600,0,0,725,487424,0,1050,13988,275,0,0,1100,0,49,0,0,0,2465
1645,783,94208,50,643072,0,3842,3950,0,Grybnyk,450,725,0,850,duchy,1035,150,0,3952,0,2500,5100,1075,0,2150,Protoss,1,0,1550,450,3078,0,0,0,0,0,0,0,32768,3100,44,200,0,150,0,150,0,0,150,2595,0,1150,864,Terran,0,3800,0,0,0,3905,50,83,Frost LE,1350,0,300,1,duchy,3100,0,0,3800,389120,3075,1150,23742,1350,0,0,150,1075,41,0,150,0,347
200,358,225280,500,221184,0,417,0,0,Bromko,400,800,0,2200,&lt;rwx&gt;<sp/>shellcode,1119,250,0,0,0,500,3200,0,0,950,Protoss,0,0,200,400,0,0,0,0,0,0,0,0,184320,275,313,100,0,0,0,100,0,0,1100,500,0,175,234,Protoss,0,750,0,0,0,715,500,951,Frost LE,350,0,100,23,Bromko,275,0,0,750,167936,0,175,7135,350,0,0,1100,0,36,0,0,0,470
3850,1299,774144,325,1138688,0,1731,50,0,&lt;rwx&gt;<sp/>shellcode,1250,2800,0,6600,Noxius,3208,150,250,50,0,8025,9300,0,0,1600,Zerg,1,450,3850,1250,0,0,150,0,0,0,0,250,294912,2975,1007,650,0,0,0,150,1350,0,275,8025,0,875,661,Protoss,0,4125,0,0,0,2613,325,2071,Apotheosis LE,1275,0,550,63,Noxius,2775,0,0,4125,692224,0,875,16464,1275,0,0,275,0,77,0,0,0,1345
50,358,479232,1625,401408,0,538,0,0,&lt;ĦRZcom&gt;<sp/>DiLight,650,1850,0,4950,Darkvalky,1091,0,925,0,0,125,4025,0,0,1000,Zerg,0,75,50,581,-113,0,150,150,0,0,0,925,430080,150,649,100,100,0,0,0,225,0,3225,125,75,0,657,Protoss,0,1625,100,0,0,644,1625,2043,Frozen Temple,275,0,350,51,&lt;ĦRZcom&gt;<sp/>DiLight,150,0,0,1625,147456,0,0,10125,275,0,0,3225,0,28,0,0,0,493
0,0,57344,0,61440,0,0,0,0,BlackSmith,0,0,0,1100,RaTzDeeZeR,671,0,0,0,0,0,1000,0,0,0,Protoss,0,0,0,0,0,0,0,0,0,0,0,0,57344,0,0,0,0,0,0,0,0,0,0,0,0,0,0,Zerg,0,0,0,0,0,200,0,671,Frost LE,0,0,0,13,BlackSmith,0,0,0,0,49152,0,0,403,0,0,150,0,0,12,0,0,0,0
0,0,409600,0,778240,150,0,750,0,Gibson,0,725,0,4850,Elric,1371,0,0,750,0,1900,4650,0,0,2125,Terran,1,0,0,0,450,0,0,0,0,0,0,0,249856,1950,447,0,0,0,0,0,500,0,450,1900,0,0,2872,Zerg,0,2500,0,0,0,235,0,1707,Frozen Temple,0,0,100,55,Elric,1950,0,0,2500,327680,450,0,13972,0,0,350,450,0,31,0,0,0,5825
700,671,258048,150,319488,0,555,1000,0,&lt;DSLR&gt;<sp/>EventHorizon,700,750,0,2250,&lt;rwx&gt;<sp/>shellcode,1315,100,0,1000,0,1575,3450,0,0,950,Protoss,1,100,700,700,0,0,0,0,0,0,0,0,122880,2250,291,100,0,0,0,100,250,0,375,1575,0,950,330,Protoss,0,400,0,300,0,180,150,727,King Sejong Station LE,225,0,150,22,&lt;rwx&gt;<sp/>shellcode,2250,0,0,400,319488,0,950,9812,225,100,0,375,0,35,0,0,0,425
200,0,323584,900,94208,0,376,1200,0,CropDusting,4950,750,0,1850,Quiqueg,195,0,1587,1200,0,500,500,0,0,950,Protoss,0,0,200,4650,0,0,0,0,0,0,0,1700,184320,150,0,350,250,0,0,0,0,0,2100,500,400,150,254,Protoss,0,1075,250,0,0,419,900,475,New Gettysburg LE,600,0,0,10,CropDusting,150,0,150,1075,12288,0,150,12559,600,0,50,2100,0,0,0,0,0,220
1650,492,516096,650,643072,0,990,1750,0,&lt;rwx&gt;<sp/>shellcode,300,2600,0,3475,TheCrow,559,250,0,1750,0,3800,5000,0,0,2425,Terran,1,25,1650,300,0,0,0,0,0,0,0,0,221184,1350,179,625,0,0,0,100,300,0,1500,3800,0,700,932,Protoss,0,3400,0,0,0,1816,650,867,Dasan Station LE,750,0,200,25,TheCrow,1350,0,0,3400,294912,0,700,15613,750,0,50,1500,0,38,0,0,0,410
50,246,94208,0,225280,450,366,350,0,&lt;rwx&gt;<sp/>shellcode,0,600,0,1700,XxMOBABOxX,951,200,337,350,0,200,2200,0,0,750,Protoss,1,0,50,0,37,0,150,0,0,0,0,450,102400,100,268,0,0,0,0,50,0,0,0,200,0,0,318,Protoss,0,0,0,0,0,78,0,811,Galactic Process LE,0,0,0,21,XxMOBABOxX,100,0,150,0,106496,150,0,5458,0,150,0,0,0,23,0,0,0,1013
150,313,221184,200,352256,0,603,1700,0,Estes,0,1175,0,2150,Owenator,783,100,0,1700,0,1650,3000,50,0,875,Terran,1,25,150,0,250,0,0,150,0,0,0,0,73728,1700,67,300,0,0,0,25,100,0,200,1650,0,800,318,Terran,0,900,0,0,0,1030,200,615,King Sejong Station LE,450,0,300,12,Owenator,1700,0,0,900,245760,250,800,11512,450,0,0,200,50,24,0,0,0,610
0,0,57344,0,61440,0,0,0,0,Badack,0,0,0,1050,&lt;qqMF&gt;<sp/>HeadBeagle,475,0,0,0,0,0,1000,0,0,0,Terran,1,0,0,0,0,0,0,0,0,0,0,0,53248,0,0,0,0,0,0,0,0,0,0,0,0,0,0,Zerg,0,0,0,0,0,35,0,475,Frozen Temple,0,0,0,12,&lt;qqMF&gt;<sp/>HeadBeagle,0,0,0,0,53248,0,0,316,0,50,50,0,0,12,0,0,0,85
2125,649,352256,350,548864,0,249,500,0,&lt;lThEl&gt;<sp/>LoriZ,400,1550,0,3950,ElDeco,1175,0,0,500,0,6100,4950,0,150,1850,Protoss,1,0,2125,400,0,0,0,0,0,0,0,0,233472,2600,582,400,0,0,0,0,0,0,925,6100,0,1350,315,Protoss,0,2775,0,150,0,4455,350,1399,Apotheosis LE,1925,0,200,43,ElDeco,2600,0,0,2775,405504,0,1350,15939,1925,550,0,925,0,51,0,0,0,970
1200,470,290816,175,479232,0,133,2700,0,&lt;qqMF&gt;<sp/>HeadBeagle,2500,1925,0,2150,&lt;JERUBA&gt;<sp/>ANDRIUS,1595,0,0,2851,0,9800,4600,550,100,2750,Protoss,1,0,1200,2500,2064,0,150,0,0,0,0,0,163840,4550,0,1500,0,0,0,0,0,0,1150,9800,0,2850,564,Terran,0,8350,0,150,0,690,175,755,King Sejong Station LE,5350,0,75,15,&lt;JERUBA&gt;<sp/>ANDRIUS,4550,0,0,8350,471040,2125,2850,22743,5350,400,400,1150,586,41,0,0,0,438
2575,918,679936,150,933888,0,596,0,0,&lt;ProRAT&gt;<sp/>Killer,0,1100,0,4700,CropDusting,2491,150,0,0,0,4800,8100,0,0,4300,Protoss,1,200,2575,0,0,0,0,0,0,0,0,0,184320,3825,559,600,0,0,0,125,300,0,350,4800,0,1650,442,Terran,0,3000,0,0,0,605,150,1035,Galactic Process LE,2150,0,575,35,CropDusting,3825,0,0,3000,622592,0,1650,15905,2150,0,0,350,0,79,0,0,0,1565
0,380,380928,0,446464,0,951,1900,0,Elric,250,1775,0,3150,&lt;tCo9&gt;<sp/>Gabriel,1119,200,0,1937,0,8250,4275,0,0,1325,Terran,1,125,0,250,100,0,0,0,0,0,0,0,110592,1500,0,525,0,0,0,0,150,0,250,8250,0,925,0,Terran,0,4993,0,0,0,2161,0,2043,Frozen Temple,300,0,0,18,&lt;tCo9&gt;<sp/>Gabriel,1500,0,0,4800,278528,100,925,15541,300,0,0,250,0,35,0,0,0,1183
925,627,675840,1575,614400,0,1076,50,0,&lt;dlps&gt;<sp/>MaLexGamer,975,1425,0,5450,&lt;rwx&gt;<sp/>shellcode,1343,200,0,50,0,3450,5375,0,0,2050,Protoss,0,0,925,975,0,0,0,0,0,0,0,0,425984,350,671,400,0,0,0,0,0,0,2850,3450,0,450,1471,Terran,0,8875,0,0,0,970,1575,1203,King Sejong Station LE,3600,0,325,43,&lt;dlps&gt;<sp/>MaLexGamer,350,0,0,8875,253952,0,450,15956,3600,0,0,2850,0,54,0,0,0,2360
0,582,835584,0,643072,0,1340,2150,0,Elric,0,2475,0,5250,Zherox,1735,250,0,2150,0,10750,5700,0,0,1825,Terran,1,0,0,0,1300,0,0,0,0,0,0,0,147456,3000,0,800,0,0,0,0,400,0,0,10750,0,1900,0,Terran,0,2750,0,750,150,3045,0,1231,King Sejong Station LE,650,0,0,31,Zherox,3000,0,0,2750,487424,1300,1900,19429,650,0,0,0,0,47,0,0,0,1630
450,313,258048,400,221184,0,435,300,0,CropDusting,850,750,0,2150,&lt;ZЕRGТV&gt;<sp/>ren,279,0,-113,300,0,775,1900,0,0,1050,Protoss,0,0,450,850,0,0,0,0,0,0,0,0,147456,0,313,100,0,0,250,0,0,0,1000,775,0,0,220,Protoss,0,1750,-113,0,0,103,400,699,Apotheosis LE,700,100,0,20,CropDusting,0,0,150,1750,53248,0,0,8459,700,0,0,1000,0,13,0,0,150,370
1658,335,479232,1225,643072,150,998,50,0,Rob,2075,1625,0,4000,&lt;ZunTsU&gt;<sp/>Machiavelli,1304,250,850,50,100,3600,4525,0,0,2350,Terran,0,0,1650,2075,25,0,0,0,0,0,0,850,434176,1200,470,675,225,0,0,25,400,0,3600,3609,0,200,594,Terran,0,4525,225,0,0,265,1225,1248,Apotheosis LE,800,0,400,29,Rob,1200,0,0,4525,266240,0,200,19268,800,0,0,3600,0,29,0,0,0,1861
0,0,61440,0,61440,0,0,0,0,&lt;imb&gt;<sp/>SADAL,0,0,0,1000,RaTzDeeZeR,0,0,0,0,0,0,1000,0,0,0,Protoss,0,0,0,0,0,0,0,0,0,0,0,0,53248,0,0,0,0,0,0,0,0,0,0,0,0,0,0,Terran,0,0,0,0,0,50,0,0,King Sejong Station LE,0,0,0,12,&lt;imb&gt;<sp/>SADAL,0,0,0,0,49152,0,0,93,0,0,50,0,0,12,0,0,0,0
859,1030,0,125,843776,0,451,6925,550,&lt;qqMF&gt;<sp/>HeadBeagle,350,550,0,0,Reykd,1455,0,0,6748,0,4500,7700,450,0,1450,Zerg,1,0,850,350,1702,0,0,0,0,0,0,0,40960,4525,0,750,0,300,0,0,0,0,375,4509,0,2600,899,Terran,0,10875,0,0,0,2770,125,0,Galactic Process LE,4200,0,50,0,Reykd,4325,0,0,10875,587776,1600,2600,20990,4200,75,0,375,450,63,0,359,0,249
0,223,286720,100,180224,800,654,700,0,duchy,100,1650,0,2600,&lt;114621&gt;<sp/>ChaosTheory,1371,0,300,700,0,0,2850,0,0,650,Zerg,0,0,0,100,0,0,0,0,0,0,0,300,188416,150,0,100,0,0,0,0,150,0,1150,0,0,0,74,Protoss,0,900,0,0,0,370,100,1147,New Gettysburg LE,0,0,100,23,duchy,150,0,0,900,139264,0,0,8556,0,0,150,1150,0,29,0,0,0,400
0,0,61440,0,61440,0,0,0,0,Piotrek,0,0,0,1000,RaTzDeeZeR,55,0,0,0,0,0,1000,0,0,0,Protoss,0,0,0,0,0,0,0,0,0,0,0,0,53248,0,0,0,0,0,0,0,0,0,0,0,0,0,0,Protoss,0,0,0,0,0,55,0,55,Frost LE,0,0,0,12,Piotrek,0,0,0,0,49152,0,0,123,0,0,50,0,0,12,0,0,0,5
0,0,61440,0,61440,0,0,0,0,NoDamage,0,0,0,1000,RaTzDeeZeR,57,0,0,0,0,0,1000,0,0,0,Protoss,0,0,0,0,0,0,0,0,0,0,0,0,53248,0,0,0,0,0,0,0,0,0,0,0,0,0,0,Protoss,0,0,0,0,0,55,0,57,Frost LE,0,0,0,12,NoDamage,0,0,0,0,49152,0,0,118,0,0,50,0,0,12,0,0,0,5
1000,671,385024,100,675840,0,1667,2000,0,piripara,1100,3400,0,2625,duchy,1478,300,0,2000,0,6925,5200,0,0,2450,Protoss,1,0,1000,1100,0,0,0,0,0,0,0,0,118784,2450,156,350,0,0,0,75,0,0,600,6925,0,1000,325,Terran,0,4550,0,0,0,1351,100,195,Apotheosis LE,1825,0,950,10,duchy,2450,0,0,4550,339968,0,1000,17895,1825,0,400,600,0,41,0,0,0,162
2925,1075,450560,300,458752,0,1107,3900,400,Mond,1700,1850,0,5250,kobras,1355,250,250,3600,0,4850,5200,0,0,1800,Zerg,1,0,2925,1700,1500,2325,0,4350,0,0,0,250,299008,2450,627,350,0,0,0,100,0,0,400,4950,0,2000,2620,Protoss,0,7000,0,0,0,2012,300,615,Apotheosis LE,3400,0,500,63,kobras,2450,0,0,7000,360448,1500,2000,26146,3400,0,400,400,0,42,0,0,0,70
150,0,225280,675,385024,0,848,0,0,&lt;OhNoes&gt;<sp/>Salufein,275,975,0,2350,Hrssss,0,250,100,0,0,250,3175,0,0,1050,Terran,0,0,150,275,0,0,0,0,0,0,0,100,225280,75,313,175,0,0,0,150,200,0,1350,250,0,25,364,Terran,0,1300,0,0,0,625,675,895,King Sejong Station LE,0,0,300,23,&lt;OhNoes&gt;<sp/>Salufein,75,0,0,1300,122880,0,25,9166,0,0,0,1350,0,24,0,0,0,1040
450,470,258048,100,446464,150,91,200,0,HappyOrdos,50,1375,0,2550,Bysch,1959,150,0,200,100,1250,4450,0,0,750,Terran,1,125,450,50,0,0,0,0,0,0,0,0,155648,1350,335,375,0,0,0,25,150,0,550,1250,0,1100,477,Terran,0,400,0,0,0,892,100,1007,Tempio ghiacciato,225,0,400,25,Bysch,1350,0,0,400,270336,0,1100,23093,225,100,0,550,0,36,0,0,0,474
375,0,806912,2025,421888,350,1727,0,0,Estes,3650,2400,0,5750,BuzzLIGHTyer,1203,500,2200,0,200,1550,3150,0,0,850,Terran,0,150,375,3650,-38,0,50,0,0,0,150,2200,712704,300,582,100,750,0,0,350,150,0,5950,1550,0,300,825,Terran,25,2900,750,0,0,8245,2025,1287,Dasan Station LE,1575,0,475,41,Estes,300,0,0,2900,172032,0,300,19208,1575,0,0,5950,-19,33,0,0,0,718
200,627,860160,75,512000,0,1194,425,400,Mond,400,3950,0,9050,&lt;CFeS&gt;<sp/>Raynor,1875,0,1000,125,0,11250,5900,0,0,775,Terran,0,200,200,400,-113,0,150,500,0,0,0,1000,819200,1600,380,100,275,0,0,0,300,0,5125,11250,100,1600,544,Protoss,0,8450,275,450,150,4200,75,4395,Dasan Station LE,1525,0,200,97,Mond,1600,0,0,8450,405504,0,1600,17880,1525,0,0,5125,0,61,0,0,0,1368
2181,335,577536,1550,450560,0,594,2325,0,komektomek,3175,2500,0,6125,duchy,531,650,150,2325,0,7450,3100,50,0,2850,Protoss,0,0,2150,2875,550,0,0,0,0,0,0,150,536576,0,201,700,0,0,300,275,0,0,3275,7487,400,0,401,Terran,0,12350,0,0,0,175,1550,2211,King Sejong Station LE,4050,175,625,55,komektomek,0,0,0,12350,81920,550,0,23153,4050,0,0,3275,50,20,0,0,0,1170
0,380,245760,0,385024,0,1174,1700,75,LowellJW,0,650,0,1850,duchy,1791,100,0,1631,0,4250,4025,0,0,1350,Protoss,1,0,0,0,150,0,0,0,0,0,0,0,40960,2425,0,100,0,0,0,0,0,0,0,4250,0,100,610,Zerg,0,1850,0,0,0,590,0,419,Galactic Process LE,100,0,100,8,duchy,2425,0,0,1850,380928,150,100,11249,100,450,0,0,0,44,0,0,0,64
0,0,57344,0,61440,0,0,0,0,MTHSBGN,0,0,0,1050,RaTzDeeZeR,351,0,0,0,0,0,1000,0,0,0,Protoss,0,0,0,0,0,0,0,0,0,0,0,0,53248,0,0,0,0,0,0,0,0,0,0,0,0,0,0,Zerg,0,0,0,0,0,95,0,351,King Sejong Station LE,0,0,0,12,MTHSBGN,0,0,0,0,49152,0,0,172,0,0,50,0,0,12,0,0,0,45
3425,1276,622592,0,901120,0,2327,600,75,neveride,350,1300,0,6750,Mond,2799,1000,0,531,0,9975,9100,0,0,3800,Protoss,1,1400,3425,350,37,0,0,0,0,0,0,0,307200,2425,649,400,0,0,0,500,1450,0,-500,9975,0,1100,751,Zerg,0,4925,0,0,0,3770,0,1819,New Gettysburg LE,1600,0,300,47,Mond,2425,0,0,4925,679936,0,1100,18039,1600,800,0,600,25,98,0,0,0,172
225,313,598016,1150,327680,275,1673,100,0,&lt;Hived&gt;<sp/>Seijan,1650,1600,0,5600,Ibaniez,1063,900,150,100,100,3300,3400,0,0,875,Zerg,0,0,225,1650,0,0,0,0,0,0,0,150,405504,300,627,50,0,0,25,900,0,0,1500,3300,0,0,1017,Zerg,0,2625,0,0,0,1405,1150,2155,Galactic Process LE,325,0,400,53,&lt;Hived&gt;<sp/>Seijan,300,0,0,2625,110592,0,0,15428,325,0,0,1500,0,23,0,0,0,265
675,0,450560,525,225280,0,1900,150,0,SemDRE,2000,1975,0,4650,&lt;RAISE&gt;<sp/>Desman,0,375,700,150,0,5975,2000,0,0,1400,Protoss,0,0,675,2000,0,0,0,0,0,0,0,700,380928,225,627,200,300,0,1200,75,0,0,2575,5975,0,75,1605,Zerg,0,5075,300,0,0,15,525,671,Apotheosis LE,1025,600,250,32,SemDRE,225,0,0,5075,90112,0,75,19893,1025,0,0,2575,0,19,0,0,0,2580
175,358,524288,200,413696,0,123,550,0,Ventrue,925,1400,0,5275,Rybacie,979,600,0,550,0,3725,3925,0,0,1425,Terran,0,250,175,925,125,25,0,100,0,0,0,0,296960,1250,291,350,0,0,350,400,450,0,1325,3725,0,650,127,Zerg,0,3150,0,0,150,573,200,2071,King Sejong Station LE,1575,175,600,44,Ventrue,1250,0,0,3150,245760,125,650,14243,1575,50,0,1325,0,27,0,0,0,2450
4225,1366,1081344,1150,1323008,0,4730,3325,0,zealous,850,2100,0,7650,nightwolveX,1651,500,300,3325,0,10225,12175,0,0,6725,Terran,1,0,4225,851,0,0,0,0,0,0,0,300,397312,5300,851,1950,0,0,0,250,0,150,2150,10225,0,4725,1852,Zerg,0,1900,0,0,900,2878,1150,705,Apotheosis LE,700,0,850,37,nightwolveX,5300,150,0,1900,729088,0,4725,27435,700,650,0,3250,0,72,151,0,0,1854
